id,name,email,gender,date,total,location
1,Winn O'Hanley,wohanley0@posterous.com,Male,3/7/2024,$554.84,Primorsko
2,Tabina Hasser,thasser1@goo.ne.jp,,12/22/2022,$912.09,Lashkar Gāh
3,Tamarah Stirley,,,9/17/2022,$646.76,Chīchāwatni
4,Trix Chrystal,tchrystal3@wisc.edu,,11/9/2022,$963.13,San Francisco
5,Madge Tillot,,,12/20/2022,$431.26,Shizuishan
6,Albie Tripet,atripet5@slideshare.net,,6/12/2022,$133.11,Hola Prystan’
7,Eli Anscott,eanscott6@java.com,,11/6/2022,$536.43,Juncalito Abajo
8,Felicia Mewett,fmewett7@surveymonkey.com,,7/24/2023,$991.69,Campo Maior
9,Therine Landon,,,11/25/2023,$126.87,Limon
10,Phillipp McDonogh,,Male,8/23/2022,$804.11,Baimaqiao
11,Piper McMorran,,,7/29/2023,$108.15,Yaroslavl
12,Dasi Zapata,dzapatab@uiuc.edu,,8/22/2022,$822.73,Kiszkowo
13,Veriee Pond-Jones,,,7/5/2023,$706.65,Miejska Górka
14,Tony Biaggi,tbiaggid@angelfire.com,,8/30/2023,$398.76,Añatuya
15,Gleda Labbez,,,7/5/2022,$600.19,Macaíba
16,Arline Eglinton,,,6/24/2023,$499.95,Starychi
17,Mareah Richardon,mrichardong@meetup.com,,7/11/2022,$405.01,Heqiao
18,Aeriell Cussins,acussinsh@go.com,,1/26/2024,$102.18,Dobri Dol
19,Gwenneth Hatrey,ghatreyi@usnews.com,,1/10/2023,$988.86,Le Perreux-sur-Marne
20,Muffin Hylton,mhyltonj@pinterest.com,,11/25/2023,$365.64,Megion
21,Miriam Verden,mverdenk@paypal.com,,12/22/2022,$121.23,Toritama
22,Brock Prayer,,,7/8/2022,$524.29,Veternik
23,Michal Brandt,,,4/5/2023,$125.11,Qui Nhon
24,Merle Watterson,,,8/21/2022,$295.03,Nelahozeves
25,Abbey Snazel,asnazelo@paypal.com,,5/29/2023,$874.07,Sydney
26,Prudi Barff,pbarffp@japanpost.jp,Female,11/26/2022,$273.48,Guernica
27,Tiena Tumelty,,,7/22/2022,$295.95,Prengtale
28,Talia Tesyro,,,12/4/2023,$716.38,Dagua
29,Corney Epperson,ceppersons@discuz.net,Male,8/7/2023,$349.34,Ropcha
30,Alysa MacFarlane,amacfarlanet@free.fr,,8/29/2023,$18.98,Nagareyama
31,Leigh Whitesel,lwhiteselu@merriam-webster.com,Female,9/23/2023,$464.76,Menglie
32,Kristal Lipson,klipsonv@csmonitor.com,,12/26/2022,$144.68,Canavieiras
33,Orel Hoyt,ohoytw@skyrock.com,,10/2/2023,$468.25,Llauta
34,Vincent Bootes,vbootesx@spotify.com,,9/24/2022,$407.37,Tejar
35,Brion Whitwell,,,10/28/2022,$941.40,Obsza
36,Aleda Domingues,,Female,2/4/2023,$443.47,Itapé
37,Eduard Hurlston,ehurlston10@cloudflare.com,,1/7/2023,$833.72,Marki
38,Fabien Tourville,ftourville11@huffingtonpost.com,,12/1/2023,$298.51,Kebonagung
39,Clyve Cash,,,5/17/2023,$155.54,Kekeran
40,Jocko Teodoro,jteodoro13@360.cn,,11/24/2023,$276.09,Arroyito
41,Lib Feldhammer,lfeldhammer14@nhs.uk,,3/13/2024,$611.44,Neiguan
42,Trstram Dutteridge,,,5/20/2022,$64.76,Plaju
43,Pris Di Ruggiero,pdi16@ucoz.ru,,7/20/2023,$352.11,Grangwav
44,Cobb Sexten,,,2/7/2024,$70.78,Krasnokamsk
45,Orland Spera,,,12/2/2023,$346.34,Gaoqiao
46,Quincy Smead,,,9/15/2022,$751.26,Ouricuri
47,Armin Huntley,ahuntley1a@smugmug.com,,11/10/2022,$492.33,Silver Spring
48,Margie Poate,,,4/26/2023,$658.61,Yishi
49,Gusella Arnout,garnout1c@networkadvertising.org,,7/12/2023,$320.01,Kairouan
50,Perry Maliffe,pmaliffe1d@goodreads.com,,2/9/2023,$429.22,Kista
51,Cherie Rawls,,,6/16/2022,$917.67,Ush-Tyube
52,Vasilis Treadger,vtreadger1f@mediafire.com,,12/7/2022,$450.19,Yangliu
53,Odo Mioni,omioni1g@ameblo.jp,,6/25/2023,$379.84,Göteborg
54,Orren Larwell,,,3/24/2023,$907.51,Doong
55,Stinky Fareweather,sfareweather1i@timesonline.co.uk,Male,12/15/2022,$114.55,Horodyshche
56,Angelica Durant,,Female,6/21/2023,$629.35,Farafangana
57,Florenza Danielovitch,fdanielovitch1k@163.com,,8/15/2023,$143.88,Quanxi
58,Tremaine Landrieu,,,3/27/2023,$517.02,Bantuanon
59,Jackelyn Lerhinan,,,3/27/2023,$333.41,Daxi
60,Zebadiah Normanell,znormanell1n@xrea.com,,9/10/2022,$580.25,Taiqing
61,Ken Potebury,,Male,4/1/2023,$122.54,Zolochiv
62,Chrissy Thowes,cthowes1p@kickstarter.com,,11/26/2022,$896.12,Hậu Nghĩa
63,Brittne Voase,,,7/23/2023,$75.73,Sholokhove
64,Gates Garvan,,,1/1/2024,$983.79,Koukkuniemi
65,Baron Chsteney,,,12/1/2022,$642.26,Beau Vallon
66,Arielle McWhorter,amcwhorter1t@cocolog-nifty.com,,1/9/2024,$855.47,Masiga
67,Geordie Marjanovic,,,11/28/2023,$620.25,Bofuer
68,Lynnelle Ruslinge,,,5/29/2022,$755.52,Troitsk
69,Bessy Gozney,bgozney1w@sfgate.com,,8/18/2022,$500.12,Dobříš
70,Siouxie Spilsted,,,7/27/2023,$577.75,Tembilahan
71,Cynthy Mably,,,5/12/2022,$961.91,Nashville
72,Jereme Albury,jalbury1z@irs.gov,Male,1/19/2023,$871.28,Aveiro
73,Farleigh Kassidy,fkassidy20@woothemes.com,,7/31/2022,$504.88,El Obeid
74,Bonita Barras,bbarras21@tumblr.com,Female,12/2/2022,$567.99,Mudanjiang
75,Dion McKerrow,dmckerrow22@cbc.ca,,2/11/2023,$505.46,Zdice
76,Jolee Elliker,jelliker23@dion.ne.jp,,4/8/2022,$980.58,Ugljan
77,Noelani Banker,,Female,8/11/2022,$447.43,Pompano Beach
78,Joaquin Jiras,,,7/24/2022,$927.78,Zhongshan
79,Pippa McGeffen,pmcgeffen26@dyndns.org,Female,2/8/2024,$568.01,Guanzhou
80,Nicolais McGirl,,Male,3/12/2023,$603.33,Newark
81,Cristal Wrennall,cwrennall28@addthis.com,,3/31/2023,$241.23,Palenggihan
82,Selia Ryle,,,11/25/2023,$125.42,Alejo Ledesma
83,Lenard Jandel,,Male,2/12/2023,$915.31,Rohia
84,Kimbell Nelissen,knelissen2b@51.la,,4/14/2022,$419.71,Kosino
85,Walton Mahaffey,,,10/19/2022,$464.00,Stryszów
86,Malva Maidment,mmaidment2d@diigo.com,Female,6/27/2022,$497.56,Marau
87,Lorry Loosemore,lloosemore2e@stumbleupon.com,,1/8/2024,$710.86,Sanyang
88,Elvis Blakelock,,,2/27/2024,$592.03,Fagatogo
89,Alvera Creswell,acreswell2g@t.co,,5/3/2023,$29.36,Ciloa
90,Kin McGavigan,kmcgavigan2h@clickbank.net,,12/2/2022,$286.84,Vila Fria
91,Tadeo Piscopo,,,9/23/2022,$743.23,Isanlu Itedoijowa
92,Angelica Kupker,,,11/22/2022,$197.58,Nanxi
93,Nevins McIlhagga,,,1/23/2023,$44.86,Lafia
94,Court Hyde-Chambers,,,5/29/2023,$250.86,Charyshskoye
95,Dynah Dehm,ddehm2m@toplist.cz,Female,2/28/2023,$233.97,Penaraga
96,Ilene Gasquoine,igasquoine2n@cloudflare.com,Female,4/3/2023,$601.53,Chigasaki
97,Goober Joul,gjoul2o@mac.com,,12/14/2022,$964.83,Kajiki
98,Vally Thing,,Female,8/9/2022,$498.26,Ādam
99,Wendy Ormond,,Female,11/20/2023,$646.63,Dalmeny
100,Lauree Zemler,lzemler2r@typepad.com,,9/23/2022,$707.88,Ithari
101,Pierce Lambertson,plambertson2s@ocn.ne.jp,,4/25/2022,$103.77,Borås
102,Oralle Shorbrook,,,4/30/2023,$743.92,Breda
103,Ethelred Greenlees,egreenlees2u@jalbum.net,,4/25/2023,$435.36,Diadema
104,Molly Mc Gaughey,,,10/12/2023,$628.25,Gbadolite
105,Casey Dalloway,,,3/31/2023,$959.64,Liushi
106,Josephina Clemas,jclemas2x@google.com.br,,6/17/2023,$858.83,Sernovodsk
107,Oran Krug,,,11/25/2023,$253.21,Leninogorsk
108,Odelia Antic,oantic2z@bigcartel.com,,3/27/2023,$414.67,Yuzawa
109,Martita Dymoke,,,1/9/2024,$66.95,Emiliano Zapata
110,Ammamaria Woolstenholmes,,,10/1/2023,$101.40,Chum Phuang
111,Sarah Morican,smorican32@bloglines.com,,8/25/2023,$113.35,Sanjiang
112,Robbert Limmer,,,8/21/2023,$26.85,Pôrto Barra do Ivinheima
113,Charlene Bromige,,Polygender,4/29/2023,$541.64,Avdzaga
114,Lezlie Owain,lowain35@about.me,Female,4/10/2022,$755.03,Orahovica Donja
115,Brietta Hutchence,,,1/25/2023,$207.27,Al Ghayl
116,Victor Jahnig,vjahnig37@prnewswire.com,,9/6/2023,$845.88,Little Rock
117,Jany Couve,,Female,2/18/2023,$877.66,Klippan
118,Katrina Whitney,kwhitney39@so-net.ne.jp,,8/17/2022,$329.07,Santos Dumont
119,Lora Sainer,,,6/22/2022,$145.53,Tasikmalaya
120,Duncan Andrat,,Male,1/3/2024,$418.59,Hongor
121,Olia Cureton,ocureton3c@free.fr,,6/14/2023,$182.89,Quanzhou
122,Casey Casajuana,ccasajuana3d@comcast.net,,8/25/2023,$275.26,Lanat
123,Albertine Looks,alooks3e@ehow.com,Female,8/12/2023,$970.67,São José de Mipibu
124,Ricard Pelling,rpelling3f@diigo.com,,12/25/2023,$176.65,Viçosa do Ceará
125,Barry Finden,,Male,11/7/2023,$576.89,Shiyaogou
126,Alix Stranks,astranks3h@discovery.com,Male,1/23/2023,$896.01,Pulong Gubat
127,Eustacia Pindred,,,11/5/2022,$587.54,Hua Hin
128,Jonis Allright,,,12/7/2022,$912.96,Aimorés
129,Kile Radmore,,Male,7/8/2022,$249.56,Boksitogorsk
130,Rafa Kamenar,rkamenar3l@joomla.org,Non-binary,7/28/2022,$949.33,Galamares
131,Kai Delort,kdelort3m@oaic.gov.au,,1/29/2023,$465.55,Cabouco
132,Iorgos Coal,,,7/29/2023,$889.17,Chropyně
133,Shel Witt,,,8/16/2022,$816.81,Diavatós
134,Amii Pleavin,apleavin3p@wikispaces.com,Female,9/10/2022,$188.57,Bedinje
135,Zoe Chesnut,zchesnut3q@sun.com,,7/9/2022,$222.74,Birqīn
136,Demetra Chung,dchung3r@google.com,,3/16/2024,$717.31,Danderyd
137,Mandel Witnall,,,9/15/2023,$578.12,Petushki
138,Web Trevon,,Polygender,5/16/2022,$723.98,Portland
139,Delinda Dowber,,Female,10/9/2022,$949.71,Boa Vista
140,Curran Lackney,,Male,10/15/2022,$982.66,Gaizhou
141,Rebeca Creigan,rcreigan3w@google.it,,6/19/2023,$742.39,Nikolayevsk
142,Alethea Myall,,,12/22/2023,$592.83,Incheon
143,Lucie Goodswen,,,4/25/2022,$853.37,Karangasem Laok
144,Sada Geke,,,5/1/2023,$635.31,Stari Kuty
145,Marvin Mcwhinnie,mmcwhinnie40@ow.ly,,12/15/2023,$625.65,Sukamaju
146,Philip Trewartha,ptrewartha41@answers.com,Male,11/30/2022,$16.42,Nossa Senhora do Socorro
147,Juliana Danat,jdanat42@pinterest.com,,2/7/2023,$57.23,Zhenzhushan
148,Felipa Tipping,ftipping43@imdb.com,,7/10/2022,$760.24,Sundsvall
149,Howey Von Welldun,,,10/11/2023,$889.05,Jincheng
150,Brewer Wallhead,bwallhead45@a8.net,,1/3/2023,$158.50,Saint-Julien-en-Genevois
151,Josephine Jobson,,,6/12/2023,$382.71,San Carlos
152,Fidole Lathy,,,4/12/2022,$532.70,Ibaiti
153,Brockie Boocock,bboocock48@about.me,Male,9/6/2022,$870.22,Varniai
154,Carly Borg-Bartolo,cborgbartolo49@virginia.edu,Male,12/22/2022,$421.40,Foros da Catrapona
155,Schuyler Jopling,,,9/25/2023,$264.02,Ditang
156,Rudolfo Maffi,rmaffi4b@com.com,,3/3/2024,$921.49,Arendal
157,Mame Emer,memer4c@issuu.com,,2/15/2023,$121.28,Yalukou
158,Scot Arghent,,,7/30/2022,$749.36,Hadayang
159,Karena Craighill,,Female,2/5/2023,$411.72,Wufeng
160,Lovell Physick,,,3/23/2024,$40.65,Mamburao
161,Salli Bartalin,,,2/18/2024,$558.35,Bratslav
162,Ami Pughsley,apughsley4h@google.com.br,,9/24/2022,$583.98,Palaiochóri
163,Rey Thaim,rthaim4i@tumblr.com,Male,6/27/2023,$842.10,Tomelilla
164,Filippo Geall,,,5/8/2023,$508.78,Alençon
165,Shandeigh Veillard,,,11/1/2022,$716.05,Syrskoye
166,Katie Wylam,kwylam4l@ycombinator.com,,10/9/2022,$231.47,Lang
167,Carlita Sunderland,csunderland4m@360.cn,,12/7/2023,$30.14,Černý Most
168,Vernon Novak,,,1/6/2023,$443.72,Ḩuraytān
169,Gusty Fellenor,gfellenor4o@state.tx.us,Female,6/9/2023,$356.77,Cawayan
170,Barclay Arnli,,Male,7/15/2023,$635.32,Fenghuangshan
171,Jeniffer Aspinwall,,,7/28/2023,$47.80,Miliangju
172,Enrika Boyle,,,7/27/2023,$386.99,Hiji
173,Hewitt Pratt,hpratt4s@dmoz.org,,10/30/2022,$991.95,La Floresta
174,Barthel Blackham,bblackham4t@unblog.fr,,8/3/2022,$672.92,Liancheng
175,Rahal Flewitt,,Female,7/17/2023,$458.26,Pyatnitskoye
176,Corby Filipic,cfilipic4v@themeforest.net,,3/27/2023,$381.68,Maronge
177,Arly Rabbitts,arabbitts4w@webs.com,Female,11/20/2023,$393.76,Wudangshan
178,Thorsten Boothebie,tboothebie4x@jigsy.com,Male,11/27/2022,$685.87,Nong Bua
179,Averil Antoniazzi,aantoniazzi4y@si.edu,,12/6/2023,$300.30,Czemierniki
180,Gwenny Walsh,gwalsh4z@nature.com,,8/12/2023,$391.38,Léfka
181,Phylys Veque,pveque50@cbsnews.com,Female,2/13/2023,$197.57,Lagoa
182,Isaac Bronot,ibronot51@yellowbook.com,,6/29/2023,$30.44,Daminggong
183,Ulberto McCurtin,,,10/30/2022,$17.03,Trakan Phut Phon
184,Mala Juarez,mjuarez53@accuweather.com,,2/17/2024,$953.24,Gaoleshan
185,Boone Maund,bmaund54@bravesites.com,,5/3/2022,$238.50,Tlumačov
186,Erika Natt,,Female,8/10/2022,$893.94,Uwajima
187,Hercule Jillins,,,8/24/2023,$30.41,Daixi
188,Garnette Braghini,,,10/5/2022,$511.08,Jixiang
189,Drucie Stutter,,,6/2/2022,$952.65,Boxholm
190,Miranda Golda,,,6/15/2022,$681.79,Proletarsk
191,Yolane Pavie,ypavie5a@google.com.au,,11/28/2023,$579.01,Xinshichang
192,Bernie McIlwraith,,,8/23/2023,$265.39,Duyure
193,Lanae Franies,lfranies5c@qq.com,Genderqueer,9/27/2022,$417.20,Dodol
194,Paige Skill,,Male,6/2/2022,$300.92,Toliara
195,Heriberto Matuska,,,7/8/2023,$150.13,Dizhai
196,Dennie Skyrme,,Male,2/24/2023,$163.25,Villa Santa Rita
197,Nicko Davidwitz,,Male,2/22/2024,$816.76,Ouyang
198,Josh Markham,jmarkham5h@vinaora.com,,8/29/2022,$852.64,Boynton Beach
199,Dido Dedrick,ddedrick5i@usda.gov,Female,1/25/2023,$434.15,Koba
200,Arlin Gwillim,agwillim5j@google.de,,11/30/2023,$58.25,Kilifarevo
201,Alayne Alessandretti,,,9/13/2023,$856.01,Kauman
202,Marcia Langthorn,mlangthorn5l@woothemes.com,,4/11/2022,$501.86,Hüremt
203,Woodman De Vries,wde5m@etsy.com,,11/28/2023,$105.31,Kolsh
204,Camila Camelin,,,3/28/2024,$163.95,Sasolburg
205,Myrna Kidson,,,12/10/2022,$664.07,Dibba Al-Fujairah
206,Reagan Schettini,,Male,5/19/2023,$382.16,Luchegorsk
207,Meta Mulcahy,mmulcahy5q@over-blog.com,,9/24/2022,$807.61,Palopo
208,Paula Gossipin,,Female,7/19/2022,$567.60,Wŏnsan
209,Clarance Waterfield,,,9/7/2023,$345.37,Nyima
210,Matelda Byrd,,,10/11/2022,$612.93,Kostel
211,Vicki Wibberley,,,1/19/2023,$333.41,Chinchaypujio
212,Gayel Kerwick,,,2/17/2024,$764.27,Vorontsovka
213,Ichabod Ringwood,,,8/29/2023,$451.72,San Jose
214,Archaimbaud Rumbelow,,,2/23/2024,$324.98,San Juan
215,Rhianna Blenkinsopp,,,8/26/2023,$535.39,Ronglong
216,Teodoor Creboe,tcreboe5z@vimeo.com,,2/2/2023,$499.63,Candelaria
217,Scotty Hartin,shartin60@usnews.com,Male,5/3/2023,$654.14,Banjar Baleagung
218,Letisha Fatscher,lfatscher61@desdev.cn,,1/8/2024,$949.87,Centar Župa
219,Branden Povey,,,3/30/2024,$644.47,Bucu Lor
220,Kynthia Bettinson,kbettinson63@noaa.gov,,6/8/2023,$357.37,Fagatogo
221,Willard Brodhead,wbrodhead64@sogou.com,,11/15/2022,$820.72,Prado
222,Darnall Mackro,dmackro65@berkeley.edu,,3/14/2024,$649.09,Chalaco
223,Nick McKeefry,,Male,4/26/2022,$540.47,Yehud
224,Feliza Peete,fpeete67@360.cn,Female,7/1/2023,$182.57,Solikamsk
225,Janeta Sapshed,jsapshed68@bbc.co.uk,,3/27/2023,$874.71,Fangtang
226,Welch Rubinsohn,,,12/19/2023,$488.96,Za‘tarah
227,Rickert Haquin,rhaquin6a@who.int,,8/12/2022,$658.36,Zhongping
228,Ranee Penswick,,,6/30/2022,$723.78,Umingan
229,Micky Zorn,,,9/8/2022,$209.64,Dachnoye
230,Margit Slowgrave,,,7/29/2022,$690.27,Tabuaço
231,Weylin Woolstenholmes,wwoolstenholmes6e@howstuffworks.com,Male,1/1/2023,$72.97,Ituzaingó
232,Rab Somerscales,rsomerscales6f@hexun.com,,3/28/2024,$886.55,Jimusa’er
233,Bertina Gianneschi,,,1/11/2023,$944.31,Kaynardzha
234,Benito O'Hannay,bohannay6h@statcounter.com,,6/11/2023,$411.06,Cipolletti
235,Minni Tenny,mtenny6i@t.co,Female,6/14/2022,$954.65,Karangsono
236,Randee Pauncefort,,,10/8/2022,$322.89,Troyes
237,Orville Tordiffe,,,7/21/2023,$525.87,Iradan
238,Shirley Marquand,smarquand6l@booking.com,,6/28/2022,$704.64,Cascais
239,Teena Philliskirk,tphilliskirk6m@godaddy.com,,10/10/2022,$871.57,Asker
240,Patric Sandyfirth,,,3/23/2023,$48.67,Bagalangit
241,Anthony Labbet,alabbet6o@google.cn,,7/31/2022,$956.39,Kertorejo
242,Ranee Walcot,,Female,2/2/2023,$262.07,Keroak
243,Alli Everley,,,3/17/2024,$600.52,Melaka
244,Jory Possell,jpossell6r@jigsy.com,,1/11/2024,$343.60,Kedungtuban
245,Sabine Philpot,,,4/9/2022,$598.91,Dolní Sloupnice
246,Cedric Childers,cchilders6t@myspace.com,Genderfluid,10/15/2023,$327.60,Huangqiao
247,Dorris Geffcock,,Female,9/8/2023,$606.82,Beizheng
248,Yoshi Godridge,,,1/25/2024,$109.57,San Antonio
249,Eugen Swainson,,,8/31/2022,$548.63,Battung
250,Tracie Fibbens,tfibbens6x@cbslocal.com,,4/2/2023,$146.64,Ecroignard
251,Curr Harbertson,charbertson6y@sourceforge.net,,4/10/2022,$787.69,Muara
252,Albertine Dearlove,,,10/9/2022,$116.37,Zhengdonglu
253,Darin Gaydon,,,5/16/2023,$367.03,New Kingston
254,Osbourn Kubicek,,,3/14/2024,$199.37,Blimbing
255,Vivianna Barfford,vbarfford72@house.gov,Female,3/20/2023,$527.98,Machakos
256,Zeke Adamovsky,zadamovsky73@baidu.com,,3/13/2023,$255.12,Chojnów
257,Mozes Schriren,mschriren74@sphinn.com,,11/9/2022,$844.06,Zakamensk
258,Averell Petran,,Male,6/7/2022,$679.88,Nizhniye Vyazovyye
259,Remus Denniss,,,8/22/2023,$831.14,Kukichūō
260,Caroline Caberas,ccaberas77@virginia.edu,,2/2/2024,$668.73,Pedraza
261,Alvis Storton,,,6/27/2022,$987.20,Kisovec
262,Lucille Jessett,,,4/9/2023,$498.14,Putrajaya
263,Aurilia Porter,aporter7a@hibu.com,,11/23/2023,$735.71,Burgos
264,Payton Toulamain,,,6/22/2022,$798.60,Hengshi
265,Hadlee Wickson,hwickson7c@unc.edu,,3/14/2023,$806.83,Gammad
266,Obadias Shevlan,,,4/17/2022,$288.37,Verkhniye Osel’ki
267,Nelson Fitzjohn,,,11/17/2022,$646.04,Las Minas
268,Gypsy Piddick,,Female,12/2/2022,$817.09,Baiima
269,Natalie Horney,,,12/18/2022,$767.42,Sete Cidades
270,Jean Kopecka,,Female,9/7/2022,$644.62,Aurillac
271,Quinlan Obington,,Male,7/2/2023,$728.17,Shanting
272,Steve Chandlar,schandlar7j@gov.uk,,2/3/2023,$791.09,Jandir
273,Ulick Sworn,,Male,7/10/2022,$257.52,Bartolomé Masó
274,Glori Genthner,,,4/13/2022,$777.41,Xinkaikou
275,Bruce Botly,bbotly7m@hibu.com,Polygender,3/6/2024,$132.62,Ponta da Garça
276,Nicky Million,,Male,3/3/2024,$744.48,Sherwood Park
277,Glenn Gisburn,ggisburn7o@baidu.com,,3/10/2024,$634.96,Balugo
278,Elicia Madner,,,1/26/2024,$482.87,Easington
279,Mikel Skingley,,,8/2/2023,$29.64,Wangunsari
280,Karel Shiels,,,9/24/2022,$974.35,Energeticheskiy
281,Dame Blague,dblague7s@cdbaby.com,,6/21/2022,$599.54,Xianshui
282,Olympie Maliphant,,,12/5/2022,$225.62,Kashihara
283,Harley Hullock,hhullock7u@nih.gov,,1/27/2024,$581.47,Kastrat
284,Harriot Dufaire,,Female,11/23/2022,$726.16,San Isidro
285,Egor Sproston,,,12/2/2022,$91.93,Urshel’skiy
286,Felic Pasquale,,,10/4/2023,$125.85,Ciduren
287,Ibbie Brashaw,ibrashaw7y@dmoz.org,,2/23/2023,$217.06,Rodez
288,Merla Hargate,,,8/4/2022,$891.62,Nagoselo do Douro
289,Free Canner,,Male,7/27/2023,$520.25,Cà Mau
290,Tremayne Brittian,,,3/8/2023,$449.36,Skeldon
291,Selle Brummitt,sbrummitt82@nps.gov,Female,5/10/2022,$423.50,Berehomet
292,Adelice Densumbe,,Female,3/14/2023,$890.10,Želiv
293,Koressa Baumber,kbaumber84@wikimedia.org,,10/5/2023,$202.23,Puerto Aisén
294,Shel Jedrysik,sjedrysik85@amazon.co.jp,,6/7/2022,$419.78,Tangwang
295,Korie Bodimeade,kbodimeade86@flickr.com,,12/1/2023,$549.92,Salzburg
296,Nil Tomaszczyk,,,5/17/2023,$304.59,Dingcheng
297,Willi Lawtey,,,9/28/2022,$481.25,Porosozero
298,Freemon Greatland,,,6/1/2022,$372.00,Mukō
299,Radcliffe Damiata,,,10/20/2023,$597.73,Trajouce
300,Aurelea Curryer,acurryer8b@mit.edu,,4/3/2023,$482.66,Nar'yan-Mar
301,Wilburt McEvilly,,,5/22/2023,$136.55,Jokkmokk
302,Edd Fernie,,,7/29/2022,$269.90,Sergeyevka
303,Britni Bolf,bbolf8e@jiathis.com,,7/13/2022,$220.52,Liuzhi
304,Shermie Heinsen,,,9/26/2022,$107.75,Thị Trấn Hùng Quốc
305,Chance Fawkes,cfawkes8g@myspace.com,,1/2/2024,$302.10,Shimokizukuri
306,Daffy Orto,,,11/14/2022,$244.47,Xiashuitou
307,Ansley Gellert,,,9/29/2023,$458.02,Ridderkerk
308,Flynn Nolda,fnolda8j@stanford.edu,,3/1/2023,$601.40,Nagbukel
309,Jilly Bartul,,,9/6/2022,$220.51,Otofuke
310,Gaylor Keneforde,,,12/6/2023,$818.98,Shitun
311,Horst Craney,,Male,6/3/2022,$151.57,Cumba
312,Katheryn Jersh,,,3/30/2024,$131.76,Kipushi
313,Justina Odell,,,4/5/2023,$393.82,Şirrīn ash Shamālīyah
314,Darwin Mallender,dmallender8p@blogtalkradio.com,,9/17/2022,$478.39,Lanling
315,Selina Bream,,,7/25/2023,$658.95,Solna
316,Reed Dable,,,2/9/2024,$635.88,Donabate
317,Alford Eliaz,,,7/2/2022,$712.50,Timrå
318,Darbie Angrock,,,4/14/2023,$209.32,Pedro Miguel
319,Pegeen Boulstridge,,Female,7/11/2022,$870.95,Amsterdam-Oost
320,Rosalia Braidon,,,10/19/2022,$363.94,Lupao
321,Roselia Lesser,,,9/19/2023,$401.66,Pyskowice
322,Hertha Britnell,hbritnell8x@ucla.edu,Female,1/4/2024,$378.29,Stará Huť
323,Zachariah Grubb,zgrubb8y@slashdot.org,,1/1/2023,$891.94,Niamey
324,Oswald Ciobutaru,ociobutaru8z@nhs.uk,,7/19/2023,$982.83,Huangbu
325,Tammy Plastow,,,12/27/2023,$421.11,Luzern
326,Marie Maunsell,,,10/23/2023,$734.45,Changchuan
327,Dyanna Wasselin,,,8/2/2022,$27.55,Valence
328,Lari Petric,,,10/21/2023,$601.74,Gotputuk
329,Dieter Kidgell,dkidgell94@free.fr,,2/24/2023,$355.63,Oslo
330,Durante Gatlin,dgatlin95@cornell.edu,,7/4/2022,$983.54,Sarov
331,Kala Label,,,5/22/2022,$43.46,Fordon
332,Odey Tointon,otointon97@live.com,Male,12/12/2022,$165.04,Huangbei
333,Tome Yarwood,tyarwood98@cbc.ca,Male,8/10/2023,$717.78,Guimba
334,Lorrie Charsley,lcharsley99@arstechnica.com,,11/23/2022,$383.41,Tovarkovskiy
335,Ingrid Fraczak,ifraczak9a@ed.gov,,3/31/2023,$636.04,Ila Orangun
336,Baxy Mancell,bmancell9b@ebay.co.uk,,7/26/2022,$881.35,Sokodé
337,Kirby Armytage,,,9/3/2023,$746.04,Paraíso
338,Adelheid Annett,,Female,8/4/2023,$822.00,La Luz
339,Aurelea Turbern,aturbern9e@cisco.com,,2/2/2023,$983.64,Pérama
340,Blake Beedham,bbeedham9f@omniture.com,,3/18/2024,$490.51,Bagroy
341,Jarred Arnault,,,12/3/2023,$222.44,Tandou
342,Guendolen Rowesby,,,2/2/2023,$88.93,Jinhai
343,Chere Perris,cperris9i@feedburner.com,Female,11/13/2023,$932.62,Idah
344,Liam Ollivierre,lollivierre9j@issuu.com,,10/9/2022,$389.38,Az Zaytūnīyah
345,Gertrude Grint,,,5/4/2023,$472.22,Ursynów
346,Bella Bennett,bbennett9l@wisc.edu,,7/2/2023,$807.70,Sundsvall
347,Emlynn Streight,estreight9m@alexa.com,Female,1/1/2023,$411.04,Arcueil
348,Hobie Wilne,,Male,11/9/2022,$661.43,Hrádek
349,Thia Stickins,tstickins9o@craigslist.org,,9/13/2022,$443.00,Safakulevo
350,Wilma Speir,wspeir9p@360.cn,Female,4/7/2023,$522.79,Mellieħa
351,Zilvia Frondt,,Female,12/29/2022,$782.85,Kemisē
352,Anson Portman,,,3/9/2023,$526.07,Zmijavci
353,Ertha Leven,eleven9s@umn.edu,Genderqueer,3/26/2024,$291.99,Övertorneå
354,Mathe Maypes,,Male,11/14/2022,$183.61,Kuzhuping
355,Edlin Greville,,Male,4/2/2024,$685.74,Engenho
356,Carissa Chaffyn,,Female,1/10/2023,$549.70,Зуунмод
357,Wyn Muncey,,Male,6/10/2023,$960.94,Ibrā’
358,Dita Esch,desch9x@walmart.com,Female,6/12/2022,$378.99,Sedayu
359,Octavia Parffrey,,Female,7/15/2023,$88.81,Sundsvall
360,Tamar Scutt,tscutt9z@businessinsider.com,Female,8/13/2023,$922.48,Yanmenguan
361,Gottfried Pyrke,,,7/21/2022,$599.09,Bulls
362,Auguste Godrich,agodricha1@bluehost.com,Bigender,8/19/2022,$778.18,Yangtan
363,Stephie Kinningley,skinningleya2@artisteer.com,,12/30/2023,$565.75,Aimadamodo
364,Libby Lafont,llafonta3@ehow.com,,6/25/2023,$805.16,Niort
365,Blair Strutt,bstrutta4@webnode.com,,2/27/2024,$188.18,Jarry
366,Christos Norvell,,Agender,1/18/2023,$606.96,Ribeirão da Ilha
367,Delcine Leavey,dleaveya6@cpanel.net,Female,9/24/2022,$760.70,Baojiadian
368,Sharyl Sigmund,,,4/2/2022,$437.39,Asahikawa
369,Sanders Bastin,,,6/1/2022,$717.71,Nusajaya
370,Leila McTague,,Female,8/26/2023,$452.60,Artybash
371,Clarie Chadwell,cchadwellaa@adobe.com,,2/26/2024,$380.97,Camplong
372,Raquel Sambeck,,,5/3/2023,$407.06,Priekule
373,Kandace Pimme,,,7/29/2022,$51.19,Shibetsu
374,Daryn Cheverton,,,11/23/2023,$580.16,La Soledad
375,Devora Goolden,,,1/14/2024,$70.20,Pañgobilian
376,Lyda Folshom,,,3/12/2023,$907.46,Zavety Il’icha
377,Cullin Meechan,cmeechanag@yellowpages.com,,7/2/2023,$549.33,Örebro
378,Izzy Klimmek,,,9/6/2022,$427.52,Mugumu
379,Bessie Lobb,,,6/6/2023,$619.11,Ailibugai
380,Barnabe Skeech,,,12/10/2023,$35.25,Piekielnik
381,Demetris Domnick,ddomnickak@creativecommons.org,,2/13/2024,$40.33,Patiya
382,Maude Bickerstaff,mbickerstaffal@t-online.de,,9/22/2023,$255.30,Bohorodchany
383,Robenia Jordin,rjordinam@mediafire.com,,3/8/2023,$510.47,Pancoran
384,Dorolice Biddle,dbiddlean@nih.gov,,10/13/2022,$818.53,Cumadcad
385,Caryn Gristwood,cgristwoodao@craigslist.org,,5/1/2023,$149.78,Wanshi
386,Darby Paulton,,,12/11/2022,$329.76,Czarnożyły
387,Kevin Glyde,,,1/25/2024,$69.93,Bokaa
388,Katrina Neat,,,11/2/2023,$24.42,San Antonio Ilotenango
389,Sabrina Govan,sgovanas@blogger.com,Genderfluid,3/23/2023,$937.08,Chabu
390,Puff Holbury,pholburyat@google.pl,,9/7/2022,$602.21,Mbale
391,Devora Jull,,Female,10/31/2023,$974.14,Danglang Hudong
392,Olympie Jepson,ojepsonav@guardian.co.uk,,8/6/2023,$508.25,Raminho
393,Paulie de Guerre,pdeaw@bbc.co.uk,,8/31/2023,$941.82,Río Campo
394,Claretta Stallybrass,,Female,7/15/2022,$720.96,Hukvaldy
395,Kristina Lodwig,klodwigay@comsenz.com,,4/30/2023,$304.97,Klatakan
396,Geno Hyslop,ghyslopaz@reuters.com,,6/21/2023,$537.19,Jinqiao
397,Aluino Wardhaugh,awardhaughb0@virginia.edu,,7/19/2022,$889.78,Montbrison
398,Tonia Bawme,tbawmeb1@dropbox.com,,3/14/2024,$317.24,Eastern Suburbs Mc
399,Hastings Feldbau,hfeldbaub2@addtoany.com,,12/17/2023,$961.98,Tyler
400,Rosemaria Blockwell,rblockwellb3@gizmodo.com,,5/3/2023,$652.33,Tobruk
401,Hebert Hinckes,,,12/6/2023,$486.65,Batatais
402,Hephzibah Maestrini,hmaestrinib5@nih.gov,Female,7/5/2022,$233.01,Shatoujiao
403,Ignaz Iddons,,,9/4/2023,$286.52,Vineuil
404,Esta Edis,,,3/28/2023,$93.93,Qingtong
405,Justinian Parlor,,Male,9/30/2023,$512.05,Pandansari
406,Annice Eastbury,aeastburyb9@acquirethisname.com,,5/2/2022,$827.75,Muñoz East
407,Corina Braunton,cbrauntonba@ibm.com,,12/30/2023,$677.67,Rudnik
408,Frederico Tythe,ftythebb@usda.gov,,8/17/2023,$827.79,Buenos Aires
409,Shina Mouncher,smouncherbc@adobe.com,,5/1/2023,$168.31,Zhanghua
410,Iosep Broadfoot,,,6/7/2022,$186.07,Phong Điền
411,Seumas Heaselgrave,,,10/14/2022,$38.71,Shuigou
412,Georges Storton,,,1/4/2024,$897.95,Peicheng
413,Audrey Potebury,,Polygender,12/27/2023,$28.80,Tōkamachi
414,Scotti Schenfisch,,,7/2/2023,$120.76,Biga
415,Carlye Beri,,,4/28/2023,$452.14,Älvsjö
416,Jedidiah Jammes,jjammesbj@businessinsider.com,Male,3/9/2023,$40.42,Langxi
417,Gary Casebourne,,,4/24/2023,$875.24,Kanada
418,Evangelin McIlvoray,,Female,10/20/2022,$802.54,Yuelai
419,Olin Watsham,,Male,1/17/2024,$730.05,Fiais da Beira
420,Wilona Culligan,wculliganbn@smh.com.au,,10/13/2022,$460.59,Kortkeros
421,Nil Maw,,Male,10/17/2022,$366.37,Hongxi
422,Nari Hugonin,nhugoninbp@upenn.edu,,12/6/2023,$373.86,Lahoysk
423,Mateo Houtby,,,4/17/2023,$504.91,Ust’-Izhora
424,Staffard Vasyuchov,svasyuchovbr@wikia.com,,3/17/2024,$966.75,Nunbaundelha
425,Parrnell Keemer,,,5/18/2022,$523.38,Potulando
426,Lilllie Beceril,lbecerilbt@yandex.ru,,2/5/2024,$809.20,Guadalupe
427,Yorker Lawlan,ylawlanbu@rakuten.co.jp,,5/1/2022,$380.75,Lipnica
428,Davidde Sievewright,,,4/8/2023,$770.11,Harrismith
429,Gayler MacConnel,gmacconnelbw@hc360.com,,4/3/2022,$805.43,Ciputat
430,Cozmo Miko,,Male,1/5/2023,$226.22,Kadukandel
431,Iolande Skitterel,,Female,11/5/2022,$640.94,Bhisho
432,Maurice Lanchester,mlanchesterbz@rakuten.co.jp,,7/17/2022,$675.84,Shalya
433,Gustav Oliveira,goliveirac0@cdbaby.com,Male,4/2/2022,$985.25,Oeiras
434,Marcel Scalia,,Male,10/2/2022,$692.72,Limoncito
435,Forrester Aubury,fauburyc2@twitter.com,,3/29/2024,$610.29,Pa Sang
436,Lorry Napthine,,,3/16/2023,$573.87,Maguilling
437,Vassily Filochov,,,3/24/2023,$776.64,Ake-Eze
438,Stuart Benezet,,,6/13/2022,$540.43,Tomaszów Lubelski
439,Sadye Comrie,,,5/12/2023,$565.47,Changuillo
440,Pancho De Brett,,,8/14/2022,$970.60,Langres
441,Benedikta Shuxsmith,,,12/10/2022,$714.84,Józefów
442,Bernita Tompkiss,btompkissc9@rakuten.co.jp,Female,5/12/2023,$592.02,Warmare
443,Bryn McLise,bmcliseca@multiply.com,,1/5/2024,$41.41,Lipiany
444,Michele Pestricke,,,7/15/2023,$759.47,Red Hill
445,Sherri De Gouy,sdecc@skyrock.com,,1/13/2023,$215.28,Krajan Tegalombo
446,Robbi Jesson,rjessoncd@psu.edu,,7/5/2023,$408.22,Issenye
447,Clemens Ames,,,12/7/2023,$640.27,Louredo
448,Brewster Mankor,bmankorcf@gov.uk,Male,9/23/2022,$603.67,Borucin
449,Kiri Oertzen,,,1/8/2024,$989.80,Sovetskiy
450,Winne Livermore,,,10/8/2023,$463.81,Zlaté Hory
451,Kermit Turpin,,,5/9/2023,$814.89,Wa’erma
452,Lydon Sweatman,lsweatmancj@histats.com,Male,5/30/2023,$659.84,Luso
453,Ruy Bolderoe,rbolderoeck@discuz.net,,9/23/2022,$759.40,Lonya Chico
454,Jessalyn Pechell,jpechellcl@artisteer.com,,12/17/2022,$513.52,Trubchevsk
455,Cyndia Coffee,ccoffeecm@mac.com,,8/18/2023,$376.92,Sakassou
456,Anson Holdey,,,7/2/2023,$127.05,Salamá
457,Colleen Carding,,,11/30/2023,$607.81,Laoqiao
458,Malina Foxcroft,,,2/21/2024,$554.20,Viesīte
459,Augustin Dome,,,4/2/2022,$745.16,Lewoeleng
460,Averil Huson,,,6/22/2022,$698.55,Jarada
461,Karlen Garvin,kgarvincs@ucoz.ru,Female,9/18/2022,$594.73,Bafoussam
462,Josiah Peggs,,,2/9/2023,$862.90,Valdosta
463,Michel Lowery,,,12/31/2022,$638.80,Tall Abyaḑ
464,Taffy Baly,,,6/11/2023,$74.47,Ježdovec
465,Jeannie Mulder,,,9/13/2023,$568.07,Bełżyce
466,Norine Leas,nleascx@xrea.com,,12/1/2023,$341.28,Viñac
467,Maxie Keys,,,8/22/2023,$965.13,Teongtoda
468,Finlay Lord,,Male,1/22/2024,$265.19,Rizal
469,Ailyn Tolputt,atolputtd0@blogger.com,,12/25/2023,$966.29,Thị Trấn Tam Sơn
470,Rex Gason,rgasond1@kickstarter.com,,1/8/2023,$557.03,Svalöv
471,Ettore Pyett,,Male,12/3/2022,$119.80,Solnechnogorsk
472,Josselyn Peperell,,Female,2/29/2024,$938.91,Jiangchuanlu
473,Aurelia Sandham,,,12/9/2023,$585.31,Rakek
474,Hugh Keeri,,,9/30/2022,$268.30,Nizhniy Tagil
475,Tonia Baglan,,,7/8/2023,$196.22,Cruzília
476,Millie McEachern,mmceachernd7@yelp.com,,12/27/2023,$418.51,Thị Trấn Quảng Uyên
477,Ennis Letham,,,5/24/2023,$393.66,Las Heras
478,Katheryn Arnaldi,,,12/7/2022,$392.47,Göteborg
479,Jany Goter,,Female,4/17/2023,$89.08,Damāvand
480,Melinde Aguirrezabala,,,10/14/2023,$903.69,Bato
481,Atalanta McNelly,amcnellydc@yahoo.co.jp,,3/5/2023,$947.11,Mafeng
482,Dannie Rainsdon,,Male,6/21/2022,$246.30,Kalidung
483,Florian Lamp,,,3/14/2023,$647.33,Orléans
484,Winona Bargh,,Female,12/11/2023,$618.04,Baiqiao
485,Danila Dinwoodie,,,12/8/2022,$608.80,Ambositra
486,Giles Wanek,,,12/22/2023,$680.66,Santo Domingo
487,Sibyl Krojn,skrojndi@squarespace.com,,6/14/2023,$927.42,San Alberto
488,De Bottom,,,7/26/2023,$962.77,Obroshyne
489,Malina Bunch,,,7/19/2023,$939.32,Beiping
490,Michael Malkinson,mmalkinsondl@cpanel.net,,1/18/2024,$582.00,Raposos
491,Georas Galletly,,Male,2/17/2023,$157.56,Guohuan
492,Othilie Hinkens,,,8/4/2022,$769.22,Shuangmiao
493,Keir Salatino,ksalatinodo@nytimes.com,,5/2/2023,$642.34,Ozatlán
494,Celie Izaac,,,8/28/2023,$313.22,Longnawang
495,Demetris Antonich,dantonichdq@ehow.com,,7/7/2023,$923.27,Paris 17
496,Winthrop Sisneros,wsisnerosdr@shop-pro.jp,,1/17/2023,$32.13,Ertai
497,Moyra Pulhoster,mpulhosterds@simplemachines.org,,3/26/2024,$502.92,Uglovoye
498,Adriano Izakov,,Male,3/13/2023,$607.51,Cândido Mota
499,Lesley Baudin,,,2/14/2023,$211.59,Champigny-sur-Marne
500,Tully Gentzsch,tgentzschdv@about.me,Male,9/2/2023,$435.29,Armen
501,Magdaia Windmill,,,5/29/2022,$242.41,Monastyryshche
502,Aron Hulle,ahulledx@jugem.jp,,5/22/2022,$321.17,Myitkyina
503,Inger Poolman,,,6/6/2023,$998.37,Miami
504,Whit Latty,,,2/7/2023,$640.81,Janeng
505,Brenda Faudrie,,Polygender,11/14/2022,$196.87,Béziers
506,Mary Skerman,,Female,11/12/2023,$804.16,Bystrzyca
507,Eldridge Pretty,eprettye2@bloglines.com,,3/18/2023,$661.68,Maras
508,Ty Ovise,tovisee3@discuz.net,,8/15/2022,$31.24,Jiangyou
509,Lyndsie Dwyer,,,7/16/2022,$783.38,Perštejn
510,Emmaline Haberfield,,,3/12/2024,$898.04,Stupsk
511,Riki Breeds,,Bigender,12/7/2023,$509.70,Huaquillas
512,Ellissa Blaschek,eblascheke7@ezinearticles.com,Female,6/3/2022,$947.14,Pentéli
513,Goldina Dorricott,,Non-binary,8/21/2022,$728.14,Karlskoga
514,Liza Denny,,,10/29/2023,$827.33,Laiyuan
515,Shep Haggerty,,Male,3/4/2024,$78.58,Cukanguncal
516,Salvatore Lunge,slungeeb@tumblr.com,Male,8/24/2023,$820.54,El Colorado
517,Concordia Ludlow,,,11/22/2022,$224.66,Zürich
518,Mendy Alvey,malveyed@mac.com,,1/11/2024,$57.66,Gaofeng
519,Celestyn Crumpton,ccrumptonee@dot.gov,Female,3/12/2024,$471.78,San Casimiro
520,Merilyn Hucke,,,7/2/2023,$931.94,Jarošov nad Nežárkou
521,Ophelia Munsey,omunseyeg@skype.com,Female,8/27/2023,$56.59,Karang Tengah
522,Zora Kingsland,zkingslandeh@ustream.tv,,11/14/2023,$622.78,Íasmos
523,Jozef McCrainor,,,12/1/2023,$625.69,Quvasoy
524,Crin Shavel,,,3/21/2024,$638.81,Yeroẖam
525,Emmalyn Heffy,eheffyek@dailymail.co.uk,,12/22/2023,$57.96,Khodasy
526,Juditha Pegler,jpeglerel@simplemachines.org,,8/26/2023,$602.73,Chengjiao
527,Harwell Baylis,hbaylisem@hubpages.com,,7/25/2022,$67.70,Nanhu
528,Lemmie Stellino,lstellinoen@jimdo.com,Male,3/13/2024,$210.19,Leeuwarden
529,Ronnie Attarge,rattargeeo@acquirethisname.com,,12/21/2023,$854.61,Baylo
530,Arty Dawtry,,Male,3/27/2024,$485.50,Petaling Jaya
531,Alicia Chance,,,12/25/2022,$237.35,Farmahīn
532,Leanora Keiling,,,7/31/2022,$873.62,Gedongmulyo
533,Genna Presland,gpreslandes@businessweek.com,,4/25/2022,$721.86,Gaoliang
534,Rowen McGilmartin,,Male,11/29/2023,$232.75,Prabuty
535,Gard Nestle,,Male,3/24/2023,$866.07,Gumaus
536,Uta Poller,upollerev@surveymonkey.com,,9/26/2022,$176.60,Poconé
537,Jenica Paskins,jpaskinsew@examiner.com,,6/3/2022,$659.39,Höfn
538,Venus Fountian,vfountianex@huffingtonpost.com,Female,7/14/2022,$657.74,Villanova
539,Mureil Hillborne,,,11/26/2022,$823.77,Oslo
540,Leah Blazy,lblazyez@desdev.cn,,4/5/2023,$295.80,Uralo-Kavkaz
541,Chrisse McCluin,cmccluinf0@cocolog-nifty.com,,8/2/2022,$969.24,Jalālābād
542,Susi Thoday,sthodayf1@vimeo.com,,7/31/2022,$164.26,Báguanos
543,Emlyn Cressingham,,,5/17/2023,$22.93,Huangbao
544,Corney Stucke,cstuckef3@issuu.com,Male,12/26/2022,$986.27,Stockholm
545,Wait Sanham,wsanhamf4@imgur.com,,4/4/2024,$20.42,Richmond
546,Patin Carnalan,,,7/31/2022,$320.25,Alexandria
547,Nelle Shiels,,,7/17/2022,$568.80,Sirnasari
548,Lillian McCafferky,lmccafferkyf7@seattletimes.com,,9/17/2022,$729.70,Al Khafjī
549,Vanya Kamienski,,,3/19/2024,$323.49,Alajuela
550,Zedekiah Fulk,zfulkf9@intel.com,Genderfluid,8/8/2023,$676.70,Cahuac
551,Bink Hepher,bhepherfa@virginia.edu,,7/20/2023,$931.99,Anseong
552,Charil Kulver,,,9/13/2023,$478.36,Jawhar
553,Leanora Lambricht,,,5/2/2022,$236.49,Jönköping
554,Ema Blasoni,,,12/25/2023,$102.86,Bystřany
555,Christophorus Jessen,,,4/28/2022,$605.95,Tabant
556,Idalina Griffin,igriffinff@gnu.org,,12/21/2023,$210.93,Kuala Lumpur
557,Stephannie Hollindale,shollindalefg@omniture.com,,8/3/2022,$437.16,Luoping
558,Berna Siddens,,,6/21/2023,$369.42,Palmeira das Missões
559,Mord Dyers,mdyersfi@dagondesign.com,Male,4/19/2023,$980.06,Kasonawejo
560,Jedediah Weatherdon,,,10/1/2023,$515.52,Sinjhoro
561,Greg Cornelis,,,7/22/2023,$857.99,Vegreville
562,Lombard Toovey,,Male,2/9/2024,$68.17,Kalbugan
563,Lurleen Pargetter,,,4/6/2022,$696.66,San Francisco
564,Jere Coull,,,6/18/2022,$67.66,Neundeut
565,Duffie Roffey,,,5/3/2022,$737.63,Dubovka
566,Raul Dumelow,rdumelowfp@reverbnation.com,,10/21/2023,$149.66,Tylicz
567,Tracy Boyall,,,2/5/2023,$503.92,Toulouse
568,Shawn Woolager,swoolagerfr@feedburner.com,Female,10/10/2022,$158.36,Água de Pau
569,Ced Thorns,,,6/1/2022,$129.45,Bålsta
570,Gene Salliere,,,5/28/2023,$545.18,Taza
571,Caitrin Hamp,champfu@samsung.com,,12/8/2022,$708.02,Uchaly
572,Ree Carnduff,rcarndufffv@prweb.com,,2/8/2023,$876.30,Wiesbaden
573,Bastien Jeffreys,,Male,4/16/2022,$569.23,Aydūn
574,Lilas Toor,ltoorfx@java.com,,8/3/2023,$777.84,Fenghui
575,Leonhard McKeney,lmckeneyfy@jiathis.com,,10/16/2022,$309.86,Celestynów
576,Winifred Breache,,,6/21/2022,$413.25,Masuda
577,Meg Janaszewski,mjanaszewskig0@macromedia.com,,12/9/2022,$742.83,Golovinskiy
578,Gabriello Shutt,,,10/7/2022,$621.68,Heping
579,Base Marriage,bmarriageg2@google.nl,,6/8/2023,$817.15,Karangdalam
580,Arel Drewson,,,4/15/2022,$286.65,Alfenas
581,Royce Bayldon,rbayldong4@gizmodo.com,Male,9/6/2023,$940.04,Anthoúsa
582,Mara Pagelsen,mpagelseng5@over-blog.com,Female,7/17/2022,$293.87,Élancourt
583,Emmalynne Simeoli,,,12/27/2022,$774.06,Gālīkesh
584,Christoffer Coupland,,,4/29/2022,$622.49,Siumate
585,Charil McGebenay,cmcgebenayg8@va.gov,Female,1/31/2023,$765.02,Marogong
586,Timmie Rainy,trainyg9@ifeng.com,,12/8/2022,$538.15,Örnsköldsvik
587,Benedicto Baroc,bbarocga@livejournal.com,Male,2/1/2023,$893.14,Lučko
588,Elwyn Hetterich,ehetterichgb@w3.org,,4/16/2022,$865.93,Iúna
589,Renata Hearnden,,,4/7/2023,$596.28,Chirpan
590,Samson Grundle,,,12/19/2022,$469.03,Reggio Calabria
591,Shelbi Jarritt,sjarrittge@columbia.edu,,11/9/2023,$102.29,Téra
592,Kikelia Callander,kcallandergf@dell.com,Female,1/20/2023,$183.81,Sambongmulyo
593,Rebecka Loudiane,rloudianegg@reference.com,Female,12/27/2023,$382.52,Suwaduk
594,Stavro MacKean,,,2/3/2023,$526.81,Areado
595,Evanne Caldera,,,5/14/2022,$57.79,Tongyangdao
596,Rachael Threadkell,,,12/25/2023,$111.15,Frankfort
597,Brunhilda Pittam,bpittamgk@pcworld.com,,4/28/2023,$765.24,Sölvesborg
598,Rudyard Lynett,,,8/26/2022,$842.96,Grybów
599,Jeno Skerratt,,,10/9/2023,$274.98,Iparia
600,Torrence Van Halen,,,5/13/2022,$553.02,Colcabamba
601,Rikki Fortnam,,,12/2/2023,$947.67,Potrero Grande
602,Adolph Killingsworth,akillingsworthgp@prnewswire.com,Male,4/16/2023,$279.56,Oxbow
603,Cordy Byk,cbykgq@google.ru,Male,3/2/2024,$29.94,Kubanskiy
604,Alida McNerlin,amcnerlingr@g.co,,5/21/2023,$739.77,Nyíregyháza
605,Richmond Reichhardt,,Male,7/1/2022,$456.50,Minusinsk
606,Dulcia Hirjak,,Female,3/14/2024,$319.69,Pilcuyo
607,Elwyn Purchase,epurchasegu@vkontakte.ru,Male,9/15/2022,$954.22,Zomba
608,Merrily Arber,,Female,9/26/2023,$974.53,Sydney
609,Luella Bachs,,,6/13/2023,$881.49,Gonābād
610,Tirrell Nordass,,,8/22/2022,$418.04,Chugur
611,Jane Greatbanks,jgreatbanksgy@de.vu,Female,8/12/2022,$25.72,Birnin Kebbi
612,Niven Waterhouse,nwaterhousegz@blinklist.com,Male,6/16/2022,$351.43,Abnūb
613,Edy Divina,edivinah0@ameblo.jp,,2/27/2023,$815.74,Turar Ryskulov
614,Raynard Jackman,rjackmanh1@businessinsider.com,,2/18/2023,$987.19,Āsmār
615,Laura Goly,,,3/3/2023,$947.70,Quanshang
616,Hortense Weiner,hweinerh3@cocolog-nifty.com,,1/25/2023,$785.89,São Paio de Seide
617,Gabriela Benit,,,12/21/2023,$332.16,Dimitsána
618,Thain Patrickson,tpatricksonh5@bandcamp.com,,2/9/2024,$903.50,San Miguel
619,Clotilda Frankema,cfrankemah6@wordpress.org,,6/28/2022,$446.67,Wucheng
620,Waite O'Shavlan,,,7/21/2022,$121.14,Vinces
621,Debera Bownas,,,6/21/2022,$169.55,Rukaj
622,Shandie O' Sullivan,,,10/18/2023,$371.95,Orléans
623,Aharon Bazley,abazleyha@yelp.com,,1/9/2024,$514.67,Mizi
624,Swen Mara,,,3/6/2024,$416.08,Postmasburg
625,Callida Glandon,,,10/19/2023,$538.05,Abay
626,Leo Gosnold,lgosnoldhd@wordpress.com,Male,7/12/2023,$631.06,Sutton
627,Allie Hanning,,,3/26/2023,$349.01,Nora
628,Johann Aulton,,,9/19/2023,$71.71,Rongwo
629,Sammie Tschiersch,,,2/16/2023,$982.84,Abobo
630,Nettle Perez,nperezhh@home.pl,,9/27/2022,$744.35,Měřín
631,Bucky Stovine,,Male,12/6/2023,$19.00,Patía
632,Kermie Drynan,,Agender,3/7/2023,$284.40,Itatskiy
633,Gil Petrowsky,,,11/1/2023,$804.14,Cisalakdesa
634,Colette Manchett,,Female,12/1/2022,$941.86,Urek-urek
635,Cinnamon Rickards,,Female,9/23/2023,$884.52,Xinqiaohe
636,Laughton Goldine,lgoldinehn@mayoclinic.com,,10/2/2022,$541.79,Pamakayo
637,Rudiger Parkman,,,7/29/2023,$964.74,Mekarsari
638,Cesaro Kivits,ckivitshp@china.com.cn,Male,6/6/2022,$270.53,Marks
639,Aleda Shovlar,ashovlarhq@dmoz.org,Female,6/19/2023,$975.86,Tokarnia
640,Martyn Gascoyne,mgascoynehr@godaddy.com,Male,9/25/2023,$189.32,Dingyan
641,Silvia Pirolini,spirolinihs@symantec.com,,11/29/2022,$678.54,Hajeom
642,Alonso MacAree,amacareeht@fotki.com,,3/27/2024,$876.24,Honggang
643,Shelia Nattriss,,,11/12/2023,$334.96,Azua
644,Ivan Everton,,,3/18/2024,$586.15,Shuangchahe
645,Chilton Gommes,,,6/1/2022,$725.17,Sapareva Banya
646,Haleigh Melland,hmellandhx@oracle.com,,9/3/2023,$842.73,Huangcun
647,Vernor Burbidge,vburbidgehy@amazon.co.jp,,3/3/2023,$271.07,Baoshan
648,Mac Coolson,,,9/15/2022,$71.31,Sacramento
649,Skell Fibbings,sfibbingsi0@comsenz.com,,3/28/2024,$184.13,Tsimlyansk
650,Dexter Skegg,,Male,4/28/2023,$797.46,Planá
651,Meyer Klaffs,,,4/14/2022,$995.87,Vale de Santarém
652,Raychel Harfleet,,,2/4/2023,$655.76,Caticugan
653,Quinton Anton,qantoni4@opensource.org,Male,12/10/2023,$835.14,Anniston
654,Brittni Carek,,,3/4/2023,$911.36,Bongbong
655,Jobey Piperley,jpiperleyi6@exblog.jp,,7/12/2022,$518.68,Čoka
656,Christiane Kier,ckieri7@dot.gov,Bigender,8/31/2022,$294.94,Ninghai
657,Susy Sparrowhawk,,Female,3/3/2024,$22.08,Banturkrajan
658,Bryn Arnout,barnouti9@webs.com,,7/24/2023,$987.64,Keleleng
659,Alberto Adamiak,aadamiakia@pen.io,,1/7/2024,$509.94,Lin’an
660,Noach Scawen,,Male,5/3/2023,$388.14,Forbach
661,Regan Boulding,rbouldingic@fda.gov,,6/12/2022,$79.02,Koynare
662,Lind Kinrade,lkinradeid@wikimedia.org,Male,12/18/2022,$89.39,Maliuzui
663,Niall Hallford,,,11/10/2022,$458.71,Strasbourg
664,Devy Woan,,,11/12/2022,$907.74,Chuangye
665,Andras Vido,,,8/14/2022,$973.86,Árta
666,Laura Weems,lweemsih@miitbeian.gov.cn,Female,11/12/2023,$977.93,Pomahan
667,Anton Ginsie,aginsieii@geocities.jp,,7/14/2022,$841.36,Heerlen
668,Heywood Hazleton,hhazletonij@unesco.org,,2/7/2024,$326.26,Faisalābād
669,Hurleigh Corkel,hcorkelik@spiegel.de,,8/25/2022,$151.56,Zhengcun
670,Caz Viveash,cviveashil@gnu.org,,9/6/2023,$300.81,Xianghu
671,Darrell Cranton,,,8/9/2023,$143.17,Moramanga
672,Brianne Dingle,bdinglein@wikimedia.org,,10/7/2022,$801.49,Géfyra
673,Carny Heintsch,cheintschio@google.co.uk,,7/11/2022,$565.86,Muting
674,Sherwood Petzold,,,10/5/2022,$552.04,Suqiaoxiang
675,Ralina Messam,rmessamiq@hostgator.com,,12/13/2022,$565.29,Salon-de-Provence
676,Pieter Bowdler,pbowdlerir@google.com.au,Male,6/25/2022,$890.58,Eskilstuna
677,Abbott Alfonsetto,aalfonsettois@facebook.com,,2/19/2023,$131.20,Narsingdi
678,Eugene Gunning,egunningit@constantcontact.com,Male,5/17/2022,$38.72,Toktogul
679,Arlee Binion,abinioniu@upenn.edu,,5/3/2023,$190.41,Žrnovo
680,Paten Jiran,pjiraniv@baidu.com,,4/15/2022,$370.57,Raša
681,Edvard Manthroppe,emanthroppeiw@redcross.org,,8/21/2022,$175.74,Odesskoye
682,Brent Small,bsmallix@nyu.edu,,4/5/2023,$302.69,Stockholm
683,Bevan Grahlmans,bgrahlmansiy@studiopress.com,,9/6/2023,$412.20,Kista
684,Dinnie Danilenko,,Female,11/19/2023,$463.76,Gyumri
685,Kaylil Stearley,kstearleyj0@webmd.com,,3/19/2024,$277.42,Shifo
686,Redd Crockford,rcrockfordj1@walmart.com,Male,11/19/2023,$450.14,Dzyatlava
687,Cornie Mathey,,,5/15/2022,$79.63,Yumani
688,Emalee Malyan,,Female,12/13/2022,$43.09,Rawson
689,Tracie Gellion,,,1/7/2024,$57.28,Byala Slatina
690,Maible Gladdin,,,1/15/2024,$892.04,Świeradów-Zdrój
691,Valentine Twitchings,vtwitchingsj6@comsenz.com,,7/17/2022,$245.26,Sindangsari
692,Damon Dautry,ddautryj7@unesco.org,,2/27/2023,$834.53,Ipoh
693,Jessee Turnbull,,,6/2/2022,$432.21,Enriquillo
694,Birk Hopkyns,,Male,6/19/2023,$266.20,Tigbinan
695,Luigi Fenelow,,,7/3/2023,$289.52,Si Racha
696,Egan Cottage,,,8/21/2023,$513.28,Ahmadpur Siāl
697,Paolo Donnersberg,,,6/19/2022,$228.19,Angan
698,Norma Warbeys,,,7/8/2023,$114.21,Bugang
699,Dorthea Ledes,,,11/7/2023,$243.72,Vilar
700,Donnie Thickins,,,1/26/2023,$506.65,Shelabolikha
701,Rosco Skelington,rskelingtonjg@miitbeian.gov.cn,,9/19/2023,$560.73,Borbon
702,Meggi Bucknell,mbucknelljh@aboutads.info,,12/16/2022,$295.60,Banayoyo
703,Yelena Spensly,,Female,3/27/2023,$993.16,Morteros
704,Roarke Oakland,,,6/7/2022,$29.70,Paris 05
705,Dahlia Purcer,dpurcerjk@springer.com,,3/23/2023,$792.58,Västerås
706,Cherin Severn,,,10/16/2022,$17.35,La Laja
707,Phelia Pantecost,ppantecostjm@unicef.org,,6/20/2023,$632.73,Alasmalang
708,Nadiya Ruger,nrugerjn@ebay.co.uk,,2/26/2023,$812.76,Malabor
709,Hagen Bezants,,Male,9/1/2022,$992.34,Badou
710,Lamar Kornilyev,,,12/2/2023,$428.40,Benito Juarez
711,Joyce Skeleton,,Female,11/6/2023,$103.39,São Gotardo
712,Danice Macauley,,,10/31/2023,$679.98,Mora
713,Tabor Varnam,,Male,12/6/2023,$267.25,Erong
714,Barrie Teesdale,bteesdalejt@fema.gov,,11/18/2023,$905.37,San Remigio
715,Germain Byart,,Female,11/3/2023,$727.20,Greeley
716,Eugenius Dullingham,,,11/29/2022,$431.70,Nkpor
717,Daniel Uttley,,,3/11/2023,$467.59,Mhamid
718,Mia McGarrity,,,4/15/2023,$830.65,Paleran
719,Dionis Huddleston,,,9/30/2022,$100.69,Daveluyville
720,Dorree Clarke,dclarkejz@skype.com,,3/3/2024,$538.74,Luleå
721,Timmy Knowling,tknowlingk0@cnn.com,,3/10/2023,$84.56,Pul-e Sangī
722,Gage Smullin,gsmullink1@xrea.com,,12/2/2022,$521.57,Manjing
723,Aland Rodson,,,6/13/2022,$988.77,Västervik
724,Dorian Brunotti,,,8/11/2022,$283.65,La Libertad
725,Rolfe Savil,,,5/16/2023,$617.99,Marvdasht
726,Deonne Merle,dmerlek5@com.com,,9/10/2022,$91.05,Taodian
727,Benedetto Buglar,,Male,6/5/2022,$515.80,Cabreúva
728,Wynnie Disney,wdisneyk7@time.com,Female,8/6/2022,$629.89,Menzel Jemil
729,Luther Lowmass,llowmassk8@tripod.com,,1/11/2023,$238.60,Vetlanda
730,Pierce Cranmer,,Male,3/19/2023,$997.84,Lanigan
731,Dougie Sergeant,,,4/24/2023,$409.50,Papeete
732,Andris Whimp,,,7/26/2023,$828.65,Bašaid
733,Guglielmo Chipman,gchipmankc@unc.edu,,7/15/2022,$68.84,Hongguang
734,Gabbey Wiggans,,,2/26/2024,$194.50,Tieba
735,Gabriella Blemen,gblemenke@sun.com,,10/8/2022,$207.64,Argasari
736,Alfonse Gaffer,,,6/28/2022,$584.28,Libouchec
737,Saloma Vondruska,svondruskakg@canalblog.com,Female,6/2/2023,$148.19,Vaiamonte
738,Gwynne Cleugher,gcleugherkh@shutterfly.com,,7/10/2022,$916.02,Bantuanon
739,Con Boss,cbosski@google.fr,,11/4/2022,$858.46,Hînceşti
740,Keeley Walmsley,kwalmsleykj@deviantart.com,Polygender,10/8/2023,$652.86,Niamey
741,Kore Ingree,,Female,4/16/2022,$803.28,Paris 07
742,Stevena France,sfrancekl@biglobe.ne.jp,,4/20/2023,$509.26,Verkhnyaya Tura
743,Sephira Josef,sjosefkm@apple.com,,12/15/2023,$699.09,Wonocoyo Utara
744,Andreas Kerswell,,,2/19/2024,$879.81,Peddie
745,Barnett Bratt,bbrattko@home.pl,,11/24/2022,$838.99,Paucarbamba
746,Calley Davidovits,cdavidovitskp@apache.org,,5/24/2023,$608.46,Trubchevsk
747,Seline Baumford,,,6/16/2022,$655.09,Yangchun
748,Fleur Cambridge,,Female,6/3/2023,$144.39,Chenzhouzhai
749,Bendix Persich,,,11/25/2023,$720.98,Pledo
750,Lyndel MacChaell,,,12/15/2023,$904.05,Lengshui
751,Devland McDonagh,,,7/10/2022,$668.38,Coripata
752,Jacob Agglione,jagglionekv@skyrock.com,,3/6/2024,$507.77,Pytalovo
753,Laure Rainger,lraingerkw@ted.com,,3/2/2024,$856.36,San Francisco
754,Goober Whitington,gwhitingtonkx@instagram.com,,3/22/2023,$498.18,Pallasovka
755,Teodorico Callington,,Male,2/10/2023,$264.03,Pondokwungu
756,Laryssa Meddows,lmeddowskz@cbsnews.com,,11/20/2022,$311.10,Maji
757,Carena McBoyle,cmcboylel0@smugmug.com,,11/24/2022,$363.02,Maodao
758,Augustine Plevey,apleveyl1@technorati.com,Female,12/9/2023,$756.81,Tianzishan
759,Valeda Lawlee,,Female,10/30/2023,$12.64,Tugusirna
760,Lainey Ramsbotham,,,6/5/2022,$877.65,Ban Khlong Bang Sao Thong
761,Marcel Hoogendorp,,Male,9/25/2022,$531.55,Jiangnan
762,Hermie Kinglake,hkinglakel5@ftc.gov,,4/20/2023,$679.08,Wróblew
763,Roxanne Spurgeon,rspurgeonl6@sina.com.cn,,7/17/2022,$58.49,Ortiga
764,Avril Buffham,abuffhaml7@cbsnews.com,,1/14/2023,$74.32,Qelëz
765,Madelina Warsop,mwarsopl8@goodreads.com,Female,6/24/2022,$629.34,Hasan
766,Rhianon Nial,rniall9@google.com,,10/31/2023,$989.27,Fovissste
767,Aile Boult,,,12/20/2023,$61.66,Den Haag
768,Feodor Peachey,fpeacheylb@macromedia.com,Male,6/23/2022,$959.67,Karmaskaly
769,Cord Parkin,cparkinlc@chron.com,Polygender,9/11/2022,$128.83,Zhongtai
770,Lyon Mulbery,,,10/20/2023,$417.27,Xiaowuzhan
771,Hedvig Brion,,Female,5/15/2023,$253.94,Dobrošte
772,Alane Mowsdale,,,8/30/2023,$608.49,Karangcombong
773,Gustav Reily,,,7/6/2022,$941.32,Dongen
774,Decca Luggar,,,9/11/2023,$73.67,Yangpu
775,Aluin Accum,,,8/18/2023,$882.27,'Ali Sabieh
776,Ronald Worsalls,rworsallslj@bbc.co.uk,,3/12/2023,$57.79,As Sab‘ Biyār
777,Ellis Cough,,Male,1/8/2024,$949.61,Citeureup
778,Cherrita Weinberg,,Female,8/6/2022,$780.26,Il’inskiy Pogost
779,Onofredo Peddar,,Male,11/2/2023,$852.98,Potosí
780,Renaldo Grumell,,,6/11/2023,$245.62,Darband
781,Salomone Rabbage,,Male,11/16/2023,$404.62,Lianozovo
782,Fredelia Carlill,fcarlilllp@weibo.com,,3/10/2023,$766.29,Imperatriz
783,Dorie Carde,dcardelq@oakley.com,Female,4/15/2022,$874.28,Zdovbytsya
784,Conney Miere,,,3/16/2023,$196.83,Xuanhua
785,Byron Kristof,,,7/14/2022,$171.59,Thepharak
786,Mollee Dunsleve,mdunslevelt@oakley.com,,11/16/2023,$110.82,Ono
787,Cleve Meah,,Male,4/29/2023,$981.36,Putrajaya
788,Arther Pirolini,,,3/25/2024,$312.10,Zykovo
789,Christabel Fiddeman,cfiddemanlw@rambler.ru,Female,3/26/2024,$874.46,Tiko
790,Zackariah Hubbuck,zhubbucklx@lycos.com,,2/13/2023,$529.03,Īlām
791,Davita Pratley,,,10/5/2023,$675.64,Sanxi
792,Tally Silkston,tsilkstonlz@drupal.org,,11/30/2023,$67.30,Farmington
793,Alanna Dullingham,,,3/8/2023,$713.22,Stryków
794,Reinaldo Bazell,rbazellm1@ed.gov,,10/7/2023,$167.04,Xinheng
795,Kellina Meneux,kmeneuxm2@github.io,,3/6/2024,$306.12,Santiago
796,Ingamar Stainbridge,istainbridgem3@pcworld.com,,7/3/2023,$460.20,Lagny-sur-Marne
797,Mignon Redman,,,5/15/2022,$856.77,Xudat
798,Glenna Godspeede,,,4/16/2022,$954.76,Sathon
799,Flynn Collie,,Male,11/8/2022,$257.34,Sokodé
800,Bart Millar,bmillarm7@addtoany.com,,6/27/2023,$803.90,Bunia
801,Merrill Tassel,mtasselm8@miibeian.gov.cn,,1/6/2024,$155.70,Sollefteå
802,Ganny Boeter,gboeterm9@slashdot.org,Male,7/9/2023,$65.80,Bắc Kạn
803,Ines O' Kelleher,,,9/2/2022,$878.13,Iquique
804,Aila Seagrove,aseagrovemb@wired.com,,10/14/2022,$213.60,Donan
805,Mallissa Frankcom,mfrankcommc@seattletimes.com,,8/26/2023,$848.79,Krasnyy Luch
806,Fallon Thurlby,fthurlbymd@ehow.com,,11/9/2022,$897.26,Qinglian
807,Roi Navan,,Male,2/26/2024,$716.56,Falënki
808,Lee Riste,lristemf@blinklist.com,Male,9/14/2023,$109.07,Karobokan
809,Avery Llewellyn,,,1/6/2023,$98.56,Jardin
810,Ruprecht Parvin,,,4/4/2024,$870.95,Pondoktelo
811,Odette Elsworth,,Female,6/30/2023,$367.55,Qiaobian
812,Charlton Faier,cfaiermj@drupal.org,Male,3/16/2024,$982.50,Niedrzwica Duża
813,Ephrem Secret,,,10/7/2022,$853.02,Banquero
814,Ivette Skep,iskepml@gravatar.com,,3/2/2023,$855.66,Lamakera Dua
815,Cass Killough,ckilloughmm@cafepress.com,,3/28/2023,$903.93,Kaltungo
816,Adelind Joskovitch,ajoskovitchmn@cnn.com,,11/27/2023,$112.12,Selikhino
817,Lillian Metzing,,,7/14/2022,$677.49,Eydhafushi
818,Rozalin Bielby,,Agender,3/19/2023,$341.33,Nerópolis
819,Elvina Denziloe,,,10/18/2023,$675.07,Makar’yev
820,Estele Skate,,,5/24/2022,$18.33,Paraná
821,Lodovico Iglesias,,,11/23/2023,$453.59,Batticaloa
822,Amitie Hallan,,Female,8/25/2023,$531.55,Revelstoke
823,Emmie Gullivan,egullivanmu@zdnet.com,Female,4/1/2022,$901.17,South Bend
824,Robinson Ghelardi,,Male,4/5/2022,$776.32,Umm as Sāhik
825,Reed Giannoni,rgiannonimw@geocities.com,,10/30/2022,$602.37,Maqiu
826,Xaviera Jeavons,xjeavonsmx@trellian.com,,5/23/2022,$910.96,Rennes
827,Caesar Gaskin,,,2/19/2023,$412.39,Muang Phôn-Hông
828,Jermayne Gwyllt,,Male,3/21/2023,$393.09,El Zapote
829,Ludovika Braune,lbraunen0@amazon.de,Female,5/21/2022,$811.29,Rattanawapi
830,Carling Sabate,csabaten1@hexun.com,Bigender,5/13/2022,$249.31,Chepes
831,Fletch Smails,fsmailsn2@zimbio.com,,2/12/2024,$584.08,Zhongtai
832,Una Adelsberg,uadelsbergn3@skype.com,Female,2/10/2023,$410.36,Tayginka
833,Gaylene Schurcke,,,9/6/2023,$419.80,Luchingu
834,Brooke Danbi,,Male,12/30/2022,$797.83,Phra Phutthabat
835,Kaylee Schleicher,kschleichern6@csmonitor.com,Female,8/20/2023,$473.82,Gapan
836,Clemmy O'Hartigan,cohartigann7@msu.edu,Male,11/7/2022,$525.20,Capacho Nuevo
837,Art Pitrasso,,,8/13/2022,$678.26,Santa Cecilia
838,Dione Martynov,,,10/20/2022,$969.73,Dashiqiao
839,Humfrey O' Dornan,,,12/27/2023,$265.06,Victoria
840,Cody Hesbrook,chesbrooknb@macromedia.com,Male,8/21/2023,$779.37,Chochkan
841,Vitoria Amar,vamarnc@techcrunch.com,,4/14/2022,$490.70,Grand Rapids
842,Kate Temprell,ktemprellnd@bbb.org,,4/1/2023,$789.26,Vänersborg
843,Madge Longcake,,,11/7/2023,$58.02,Shamanka
844,Cecilia Goodred,,Agender,6/28/2023,$858.99,Trnava
845,Harriette Walthew,,,5/28/2023,$941.51,Paraty
846,Cobbie Sinnocke,,,8/22/2023,$928.54,Xiaoruo
847,Lesya Reidie,lreidieni@bbb.org,,9/28/2022,$392.38,Saint Paul
848,Mirabel Milius,,Female,8/11/2022,$742.75,Esmeraldas
849,Cornelle Bagshawe,cbagshawenk@cloudflare.com,,7/28/2022,$113.37,Belén
850,Dolores Schutter,dschutternl@mayoclinic.com,Female,1/4/2023,$733.08,Kasukabe
851,Verna Tappor,,,3/4/2024,$545.34,Ucuncha
852,Corrine MacCahee,,,6/25/2023,$609.42,Serra de Água
853,Inglis Kenford,ikenfordno@wikimedia.org,Male,11/10/2022,$586.37,Gerakaroú
854,Waite Skettles,wskettlesnp@bluehost.com,,5/29/2023,$514.79,Callahuanca
855,Phyllida Gritten,pgrittennq@mashable.com,Female,12/12/2023,$325.74,Cuihuangkou
856,Eugenie Flight,eflightnr@hexun.com,,5/2/2023,$368.54,Novi Kneževac
857,Clevie Tarry,,,5/7/2022,$839.15,Na Yung
858,Fair Biasioni,,,1/23/2024,$373.65,Hadabei
859,Al Maryska,,,2/6/2023,$76.00,Baki
860,Margalit Radnage,,,4/8/2022,$999.87,Minador do Negrão
861,Glennie Tittletross,,,12/2/2023,$758.77,Baizhu
862,Filmer O'Heyne,,,11/27/2022,$286.59,Chornukhyne
863,Teresita Jugging,tjuggingny@mlb.com,,5/3/2022,$424.34,Quận Tân Phú
864,Doug Belk,dbelknz@miibeian.gov.cn,,1/4/2024,$97.98,Calomboyan
865,Zed Ackrill,zackrillo0@google.ru,,1/15/2023,$636.86,Krasnyy Oktyabr’
866,Buiron Gilstin,,,7/28/2023,$400.31,Basel
867,Vanya Trahmel,,,7/7/2023,$40.39,Libertad
868,Idelle Diano,,,8/10/2023,$336.05,Yenakiyeve
869,Augustus Sandeson,,Male,9/21/2022,$188.82,Ust’-Ulagan
870,Bradney Doggett,,,11/18/2023,$672.67,Warung Wetan
871,Bradford Oldland,boldlando6@vinaora.com,Male,4/27/2023,$202.92,Vale
872,Torrin Ellingham,tellinghamo7@ucla.edu,,1/25/2024,$105.76,Grande Cache
873,Rochette Elsey,,,3/17/2024,$521.66,Lianxia
874,Kimbell Hedney,,,4/4/2024,$284.23,Bridgetown
875,Sal Riby,,Male,4/20/2023,$229.57,Kiviõli
876,Dallis Pennicott,dpennicottob@yellowpages.com,,8/15/2023,$667.67,Sebulu
877,Rici Pellissier,rpellissieroc@sohu.com,,2/19/2024,$729.34,Ksawerów
878,Melinda Klaggeman,,Female,7/24/2023,$522.63,Białośliwie
879,Germayne Dunning,gdunningoe@admin.ch,,1/4/2024,$542.21,Anda
880,Rosalia Atwel,,,10/9/2023,$600.48,Halat
881,Curtice Murton,cmurtonog@hugedomains.com,,5/28/2023,$829.59,Feyẕābād
882,Odie Waldrum,owaldrumoh@surveymonkey.com,,5/30/2022,$358.44,Washington
883,Leoine Powis,,Female,3/1/2024,$141.60,Vyshneve
884,Chevy Sarton,csartonoj@bloglines.com,Male,9/12/2022,$770.75,Debesy
885,Page Moriarty,,,7/15/2023,$72.46,Campechuela
886,Mohandis Philbin,mphilbinol@adobe.com,Non-binary,8/10/2023,$985.15,Parse
887,Giffie Romand,,Male,6/24/2022,$120.34,Bokkos
888,Abramo Studeart,,,1/3/2024,$988.51,Oroin Xibe
889,Violette Szymon,,,3/25/2024,$338.27,Nangakeo
890,Austina Ellin,aellinop@smugmug.com,,5/14/2023,$473.93,Hihyā
891,Harmon McCarlie,,,8/25/2022,$605.81,Shaxi
892,Diane Seppey,,,3/22/2024,$318.31,Effium
893,Baldwin Aherne,baherneos@delicious.com,Male,4/21/2022,$186.16,‘Ūrīf
894,Antonietta Dines,,,3/21/2023,$998.09,San Ignacio de Tupile
895,Gianni Misselbrook,gmisselbrookou@so-net.ne.jp,,11/8/2022,$803.85,Põltsamaa
896,Vittorio Yggo,vyggoov@nsw.gov.au,,5/20/2023,$332.42,Shuanggang
897,Willamina Shine,wshineow@kickstarter.com,,11/29/2023,$393.31,Jatinagara
898,Janine Chell,jchellox@china.com.cn,,7/10/2022,$39.75,Ñuñoa
899,Marcia Botham,,Female,10/12/2022,$510.12,Whitchurch
900,Sasha Titmus,,,2/11/2024,$128.36,Noshiro
901,Esta O'Hdirscoll,eohdirscollp0@rediff.com,Female,10/23/2023,$74.14,Garies
902,Rozanne Calafate,,,9/15/2022,$71.18,Sophia Antipolis
903,Sherie Trumble,,,5/27/2023,$51.66,Stanovoye
904,Ettore Marzelli,,,5/19/2022,$81.53,Cotia
905,Cherida Bruckent,cbruckentp4@so-net.ne.jp,,8/14/2022,$244.62,Klang
906,Glory Kington,,,4/14/2023,$815.13,Cẩm Phả Mines
907,Conrad MacCahey,cmaccaheyp6@plala.or.jp,,8/3/2022,$506.84,Oslo
908,Pauly Cappel,pcappelp7@imageshack.us,,11/18/2022,$236.70,Vila de Sal Rei
909,Barry Burtenshaw,bburtenshawp8@state.gov,Polygender,11/12/2022,$320.59,Goba
910,Sydelle Nayshe,,Female,5/12/2022,$433.72,Nantes
911,Mitchael Eles,,,9/1/2023,$918.15,Zhongxing
912,Verla Harkins,vharkinspb@nasa.gov,,3/1/2023,$815.00,Port Saint Lucie
913,Danice Gandy,dgandypc@stanford.edu,,5/14/2022,$400.50,Dobratice
914,Orton Nerger,,,3/26/2024,$443.53,Nytva
915,Donovan Batchan,dbatchanpe@wiley.com,,3/20/2024,$307.16,Sadabumi
916,Jere Kollatsch,,,12/13/2023,$79.20,20 de Noviembre
917,Taryn Hembery,themberypg@zimbio.com,,2/23/2024,$83.04,Futtsu
918,Janine Swinyard,jswinyardph@engadget.com,,3/22/2023,$364.04,Port Louis
919,Hester Vaissiere,,,11/8/2023,$249.35,Lomba
920,Camella Kick,,,8/3/2022,$262.37,Otra Banda
921,Elicia Wardingley,ewardingleypk@phpbb.com,,10/15/2022,$442.24,Yashan
922,Hermione Sillitoe,hsillitoepl@scribd.com,,5/30/2022,$950.54,Pio
923,Erin Andren,,,12/16/2022,$957.84,Angao
924,Celestyn Tonks,ctonkspn@spotify.com,,11/5/2022,$415.73,Yajiwa
925,Rosanna Grelak,rgrelakpo@tinyurl.com,,3/26/2024,$443.12,Lakatnik
926,Mike Guilloneau,,,12/4/2023,$610.03,Claveria
927,Noll Greenshiels,ngreenshielspq@godaddy.com,Male,8/5/2023,$506.38,Ergates
928,Carita Birwhistle,,Bigender,12/16/2023,$143.59,Nkayi
929,Corissa Scally,cscallyps@go.com,,9/15/2022,$366.19,Jalālābād
930,Aidan Levesley,alevesleypt@wisc.edu,,8/29/2022,$851.29,Raduzhnyy
931,Hulda Goodliffe,,,11/23/2022,$993.14,Saint-Bruno
932,Latashia Forrington,,,7/3/2022,$863.86,El Calvario
933,Penelope Cathro,pcathropw@google.it,,3/6/2024,$67.55,Götene
934,Zorine Bohlje,,,7/7/2023,$503.88,Aniva
935,Skipp Voisey,svoiseypy@ameblo.jp,Male,8/10/2023,$454.17,Tomohon
936,Padraic Kember,pkemberpz@narod.ru,Male,10/28/2022,$92.23,Minna
937,Benoit Braden,,,3/17/2023,$341.41,Guinoaliuan
938,Corella Willshear,,Female,9/6/2022,$447.96,Cienfuegos
939,Suellen Dun,,,8/22/2022,$978.85,Madīnat Lab‘ūs
940,Charmaine Beeho,,,8/6/2022,$654.45,Qingu
941,Job Crumpe,,,8/12/2022,$64.49,Vestmanna
942,Odetta Aubri,,,6/7/2022,$244.53,Ishii
943,Hamid Robiou,,,11/25/2023,$396.79,Bibis
944,Gratia Calderon,,,11/27/2023,$939.13,Maradabangga
945,Stephine Pimmocke,,,9/15/2023,$886.88,Aripuanã
946,Obie Strippling,,,2/4/2023,$230.05,Sangpi
947,Noby McCarrison,nmccarrisonqa@sourceforge.net,,6/25/2022,$135.99,Songea
948,Clark Cullingworth,,,6/1/2022,$830.49,Eastern Suburbs Mc
949,Michelina Simonnet,msimonnetqc@marriott.com,,8/30/2023,$132.13,Fanzhuang
950,Lynelle Adams,,Female,3/20/2024,$535.33,Mancogeh
951,Marc Braunlein,mbraunleinqe@forbes.com,Male,6/19/2023,$876.11,Covas
952,Ericha Chiles,,,3/28/2024,$632.81,Magdalena
953,Venus Raulston,vraulstonqg@blog.com,,8/15/2022,$375.07,Palaihari
954,Thurston Boxall,tboxallqh@mashable.com,,10/14/2023,$287.31,Porteirinha
955,Alexandro Biagioni,abiagioniqi@amazonaws.com,Male,1/15/2023,$382.70,Ancahuasi
956,Sheena Gaveltone,,Female,1/21/2024,$969.12,Micheng
957,Felecia Edmonstone,fedmonstoneqk@mysql.com,,4/18/2023,$78.90,Las Sabanas
958,Bella Wimbush,,,4/23/2022,$493.27,Garbolovo
959,Jori Blakeden,jblakedenqm@nps.gov,,12/10/2023,$122.40,Pulau Pinang
960,Ken Puddin,,Genderqueer,12/19/2023,$188.63,Panyambungan
961,Milli Tucker,mtuckerqo@amazon.co.jp,Female,6/20/2023,$890.75,Suzëmka
962,Tiertza Cranch,,,8/20/2022,$675.36,Kusheriki
963,Katerine Echlin,kechlinqq@cdbaby.com,Female,8/27/2023,$378.31,Sukasirna
964,Piggy Hinkley,phinkleyqr@deviantart.com,Male,11/15/2022,$461.26,Hengli
965,Charla Itschakov,citschakovqs@huffingtonpost.com,,8/31/2023,$844.19,Middelburg
966,Korie Walewicz,kwalewiczqt@technorati.com,,9/20/2022,$857.68,Karítsa
967,Alexi Tapley,atapleyqu@msu.edu,,1/15/2023,$119.81,La Eduvigis
968,Sileas Rushmer,,,4/7/2022,$913.69,Hiji
969,Raychel Wegman,,,3/31/2023,$767.36,Dobrica
970,Carlyle Matyugin,cmatyuginqx@dell.com,,4/26/2023,$995.52,Gaoxu
971,Pierson Tipler,ptiplerqy@engadget.com,,1/8/2023,$595.00,Gamut
972,Antoni McKinstry,,,4/25/2023,$814.97,Novi Itebej
973,Washington Inglefield,winglefieldr0@redcross.org,,5/27/2022,$886.43,Langenburg
974,Stanfield Sapena,ssapenar1@newyorker.com,,3/2/2023,$363.87,Balkh
975,Marline Gurdon,,Female,10/21/2023,$721.40,Deba Habe
976,Dale Lewry,,,5/8/2023,$201.67,Agbannawag
977,Fanya Blaksley,,,6/10/2023,$188.69,Nunchía
978,Dayle Carville,dcarviller5@gov.uk,,6/27/2023,$949.09,Eucaliptus
979,Diandra Aloshechkin,,,10/21/2022,$356.31,San Juan
980,Marlowe Deftie,mdeftier7@seattletimes.com,,10/20/2023,$545.86,Awjilah
981,Elenore Tween,,,10/12/2022,$702.74,Bačka Topola
982,Derek Gillbey,dgillbeyr9@marketwatch.com,,7/16/2022,$282.48,Tianzhu
983,Vera Daveridge,,,1/19/2023,$510.38,Banjar Baleagung
984,Maximilianus Eltun,meltunrb@nbcnews.com,,1/2/2024,$73.07,Knyaze-Volkonskoye
985,Arlin Schaumaker,,,5/7/2022,$947.88,Bagorejo
986,Reed Cullinane,rcullinanerd@infoseek.co.jp,,1/29/2024,$472.07,Privlaka
987,Gertruda Burniston,gburnistonre@dagondesign.com,,7/3/2023,$222.43,San Juan
988,Shae Miles,,,11/11/2022,$766.98,Granada
989,Aymer Naismith,anaismithrg@forbes.com,,3/24/2024,$454.82,Tríkala
990,Norrie Ottosen,,,8/17/2023,$756.62,New Orleans
991,Drew Aukland,dauklandri@sun.com,,5/3/2022,$54.37,Xuguang
992,Shannon Sacks,,,2/7/2023,$302.42,Bernay
993,Sherry Endle,,,8/11/2022,$33.62,Bouna
994,Con Loveland,,,3/30/2023,$451.24,Calumpang
995,Laney Moggach,,Male,6/19/2022,$507.80,Suncun
996,Demott Domesday,ddomesdayrn@wp.com,,7/31/2023,$68.69,Jenggawah
997,Colene Williamson,cwilliamsonro@hubpages.com,,12/9/2023,$906.01,Pregradnoye
998,Abba Gilgryst,,Male,1/19/2023,$777.65,Североморск-3
999,Erny Pund,,Male,11/29/2023,$197.94,Ndeaboh
1000,Curr Bates,cbatesrr@moonfruit.com,,12/28/2022,$38.45,Eirado
